{"val_loss": [0.00985777873513451, 0.009465857422551538, 0.008885066060289111, 0.009272948582482928, 0.008998340111288396, 0.008851521169918528, 0.008855874284427724, 0.009495062504800046, 0.00936945530311413, 0.009530297673390762], "loss": [0.06654897185949096, 0.009474817062857539, 0.008460577639387571, 0.008470073021933656, 0.008202811131936055, 0.007826496648885913, 0.007521590078429473, 0.007227259792682001, 0.007139115258530159, 0.006801846720056782]}