{"val_loss": [0.012666279324955905, 0.013895255519281053, 0.016550880043642288, 1.668456406142581, 0.34578878536301466, 0.038192491908905224, 0.02989757288390984, 0.27673077929894724, 0.09206295889148962, 0.054109409256879966], "loss": [0.09261314333688543, 0.012093982889255497, 0.012860992467642298, 1401.7354514890517, 1.3187032516194197, 0.10294267418577006, 0.02516794746536978, 4535.9728564636525, 0.14951390040851203, 0.05774297236595411]}