{"val_loss": [0.010817591774228738, 0.011629614351486408, 0.011318586343049133, 0.009672519361973272, 0.008924764330818583, 0.008643571426686529, 0.008629702386070989, 0.00867866327860439, 0.008615310021516269, 0.008628215807587353], "loss": [0.20135780934135392, 0.011936581457831908, 0.011252003429801092, 0.009441515403261753, 0.008796381121387713, 0.008438529484976828, 0.00820834808251057, 0.00803338145427271, 0.007896725986574213, 0.00775592996616254]}