{"val_loss": [0.010493883541066996, 0.009734395931681053, 0.008794972860713058, 0.008562521437942908, 0.008569534210631837, 0.008498679630490788, 0.008479609444334325, 0.00861321873638538, 0.00862188504769036, 0.008785841173077678], "loss": [0.027394806572278718, 0.009263957282497614, 0.008856947487730889, 0.008363584594268518, 0.008018547592675897, 0.0077362194101321695, 0.007574250565551161, 0.007284831786163747, 0.007126323140106443, 0.006958693636772182]}