{"val_loss": [0.015318137318456536, 0.01997371065889054, 0.010857589469888984, 0.023075849378472242, 0.009504443168320428, 0.009960858098032018, 0.011694887172273216, 0.012278088453615001, 0.011218324285093232, 0.010337483190551437], "loss": [0.22200456281672462, 0.013976985350478378, 0.012093413882560253, 0.009898499271794156, 0.008679462941383737, 0.007754452944128741, 0.007432318292087316, 0.007200169405498899, 0.007267446920676151, 0.007106250215850031]}