{"val_loss": [0.011000744941116157, 0.010801136177739786, 0.014545753206687039, 0.019367620426540572, 0.012302468824478338, 0.013620919278656034, 0.5850223824752504, 0.07557682338082672, 0.046878372499747065, 0.044658157557471476], "loss": [0.3003587749103855, 0.00941344667801814, 0.009003446197090004, 0.008549690903298707, 0.010215160536029803, 0.01023458516274673, 1148.92687073372, 0.22962352753904902, 0.061717058833108185, 0.06392279443317733]}