{"val_loss": [0.01536733010118892, 0.01351442518968376, 0.015422503316812032, 0.01422066038007621, 0.014233794067963143, 0.014417169820077125, 0.013789877926221867, 0.013976966948317947, 262.9874685202072, 96.1313276717912], "loss": [0.6239298867566224, 0.009790794711318633, 0.005221904553551234, 0.003207649444053141, 0.003594846045304995, 0.0037891665748427737, 0.004905448892954581, 0.007783861743537193, 1933941.9103916949, 195.61553745916635]}